iter	RMSE
0	1.112131436
1	1.09362236
2	1.072234835
3	1.053143191
4	1.035569303
5	1.017784913
6	1.00467445
7	0.9895779228
8	0.9751625205
9	0.9627091341
