iter	RMSE
0	137.1312142
1	136.7699212
2	136.4613031
3	136.2102113
4	136.020983
5	135.8450045
6	135.6083396
7	135.4176925
8	135.2516451
9	135.0848072
